{
    "data":{
        "index":{
            "itemSize":1,
            "array":[0,1,2,3,4,5,6,7,8,9,10,11,12,13,14,15,16,17,18,19,20,21,22,23,24,25,26,27,28,29,30,31,32,33,34,35,36,37,38,39,40,41,42,43,44,45,46,47,48,49,50,51,52,53,54,55,56,57,58,59],
            "type":"Uint16Array"
        },
        "attributes":{
            "position":{
                "itemSize":3,
                "array":[0.241093,0.537465,-0.073063,0.151232,0.035351,-0.603653,-0.392984,0.504912,-0.44536,0.151232,0.035351,-0.603653,0.241093,0.537465,-0.073063,0.481606,-0.150892,0.02712,0.241093,0.537465,-0.073063,-0.392984,0.504912,-0.44536,-0.398957,0.608878,0.283256,0.241093,0.537465,-0.073063,-0.398957,0.608878,0.283256,0.141577,0.203562,0.57526,0.241093,0.537465,-0.073063,0.141577,0.203562,0.57526,0.481606,-0.150892,0.02712,0.151232,0.035351,-0.603653,0.481606,-0.150892,0.02712,-0.003826,-0.608878,-0.283256,-0.392984,0.504912,-0.44536,0.151232,0.035351,-0.603653,-0.54436,-0.203562,-0.57526,-0.398957,0.608878,0.283256,-0.392984,0.504912,-0.44536,-0.88439,0.150892,-0.02712,0.141577,0.203562,0.57526,-0.398957,0.608878,0.283256,-0.554015,-0.035351,0.603653,0.481606,-0.150892,0.02712,0.141577,0.203562,0.57526,-0.009799,-0.504912,0.44536,0.151232,0.035351,-0.603653,-0.003826,-0.608878,-0.283256,-0.54436,-0.203562,-0.57526,-0.392984,0.504912,-0.44536,-0.54436,-0.203562,-0.57526,-0.88439,0.150892,-0.02712,-0.398957,0.608878,0.283256,-0.88439,0.150892,-0.02712,-0.554015,-0.035351,0.603653,0.141577,0.203562,0.57526,-0.554015,-0.035351,0.603653,-0.009799,-0.504912,0.44536,0.481606,-0.150892,0.02712,-0.009799,-0.504912,0.44536,-0.003826,-0.608878,-0.283256,-0.54436,-0.203562,-0.57526,-0.003826,-0.608878,-0.283256,-0.643877,-0.537465,0.073063,-0.88439,0.150892,-0.02712,-0.54436,-0.203562,-0.57526,-0.643877,-0.537465,0.073063,-0.554015,-0.035351,0.603653,-0.88439,0.150892,-0.02712,-0.643877,-0.537465,0.073063,-0.009799,-0.504912,0.44536,-0.554015,-0.035351,0.603653,-0.643877,-0.537465,0.073063,-0.003826,-0.608878,-0.283256,-0.009799,-0.504912,0.44536,-0.643877,-0.537465,0.073063],
                "type":"Float32Array"
            },
            "uv":{
                "itemSize":2,
                "array":[0.296034,0.701033,0.296034,0.820961,0.176107,0.760997,0.088484,0.960261,0.037092,0.934565,0.163329,0.970815,0.838756,0.846088,0.979425,0.846088,0.979425,0.986757,0.51926,0.374099,0.6303,0.374099,0.6303,0.485139,0.681297,0.206224,0.796709,0.206224,0.796709,0.321635,0.238669,0.865788,0.163329,0.970815,0.321777,0.948896,0.686389,0.701052,0.803347,0.701052,0.803347,0.818009,0.688413,0.022724,0.818918,0.022724,0.818918,0.153229,0.67839,0.204783,0.796683,0.204783,0.796683,0.323076,0.83997,0.515923,0.992874,0.515923,0.992874,0.668827,0.863764,0.963225,0.96728,0.845506,0.96728,0.981473,0.862203,0.016162,0.994102,0.016162,0.994102,0.148061,0.844885,0.190926,0.979162,0.190926,0.979162,0.325204,0.834992,0.352587,0.977325,0.352587,0.977325,0.494921,0.357706,0.363164,0.481003,0.363164,0.39738,0.48016,0.338971,0.526654,0.470413,0.526654,0.470413,0.658096,0.176677,0.868759,0.301329,0.868759,0.301329,0.993411,0.344159,0.355889,0.476956,0.355889,0.476956,0.488686,0.531418,0.535817,0.632805,0.535817,0.632805,0.637204,0.17155,0.545451,0.282995,0.545451,0.282995,0.656896],
                "type":"Float32Array"
            },
            "normal":{
                "itemSize":3,
                "array":[0.361646,0.645818,-0.672407,0.361646,0.645818,-0.672407,0.361646,0.645818,-0.672407,0.885747,0.252827,-0.38927,0.885747,0.252827,-0.38927,0.885747,0.252827,-0.38927,0.031946,0.989504,-0.14093,0.031946,0.989504,-0.14093,0.031946,0.989504,-0.14093,0.352288,0.808916,0.470688,0.352288,0.808916,0.470688,0.352288,0.808916,0.470688,0.879963,0.353625,0.317198,0.879963,0.353625,0.317198,0.879963,0.353625,0.317198,0.738984,-0.434103,-0.515225,0.738984,-0.434103,-0.515225,0.738984,-0.434103,-0.515225,-0.109028,0.201762,-0.973347,-0.109028,0.201762,-0.973347,-0.109028,0.201762,-0.973347,-0.642494,0.757852,-0.113405,-0.642494,0.757852,-0.113405,-0.642494,0.757852,-0.113405,-0.124172,0.465656,0.876211,-0.124172,0.465656,0.876211,-0.124172,0.465656,0.876211,0.729621,-0.271014,0.627858,0.729621,-0.271014,0.627858,0.729621,-0.271014,0.627858,0.124172,-0.465656,-0.876211,0.124172,-0.465656,-0.876211,0.124172,-0.465656,-0.876211,-0.729621,0.271014,-0.627858,-0.729621,0.271014,-0.627858,-0.729621,0.271014,-0.627858,-0.738984,0.434103,0.515225,-0.738984,0.434103,0.515225,-0.738984,0.434103,0.515225,0.109028,-0.201762,0.973347,0.109028,-0.201762,0.973347,0.109028,-0.201762,0.973347,0.642494,-0.757852,0.113405,0.642494,-0.757852,0.113405,0.642494,-0.757852,0.113405,-0.352288,-0.808916,-0.470688,-0.352288,-0.808916,-0.470688,-0.352288,-0.808916,-0.470688,-0.879963,-0.353625,-0.317198,-0.879963,-0.353625,-0.317198,-0.879963,-0.353625,-0.317198,-0.885747,-0.252827,0.38927,-0.885747,-0.252827,0.38927,-0.885747,-0.252827,0.38927,-0.361646,-0.645818,0.672407,-0.361646,-0.645818,0.672407,-0.361646,-0.645818,0.672407,-0.031946,-0.989504,0.14093,-0.031946,-0.989504,0.14093,-0.031946,-0.989504,0.14093],
                "type":"Float32Array"
            }
        }
    },
    "metadata":{
        "uv":60,
        "position":60,
        "normal":60,
        "version":3,
        "type":"BufferGeometry",
        "generator":"io_three"
    }
}