{
    "data":{
        "index":{
            "itemSize":1,
            "type":"Uint16Array",
            "array":[0,1,2,3,4,5,6,7,8,9,10,11,12,13,14,15,16,17,18,19,20,21,22,23,24,25,26,27,28,29,30,31,32,33,34,35,36,37,38,39,40,41,42,43,44,45,46,47,48,49,50,51,52,53,54,55,56,57,58,59,60,61,62,63,64,65,66,67,68,69,70,71,72,73,74,75,76,77,78,72,74,76,79,77,80,81,82,83,84,85,86,87,88,89,90,91,90,92,91,93,94,95,96,97,98,99,100,101,102,103,104,105,106,107,108,109,110,111,112,113,0,114,1,3,115,4,6,116,7,9,117,10,12,118,13,15,119,16,18,120,19,21,121,22,24,122,25,27,123,28,30,124,31,33,125,34,36,126,37,39,127,40,42,128,43,45,129,46,48,130,49,51,131,52,54,132,55,57,133,58,60,134,61,63,135,64,66,136,67,69,137,70,72,138,73,75,139,76,78,140,72,76,141,79,80,142,81,83,143,84,86,144,87,89,145,90,90,146,92,93,147,94,96,148,97,99,149,100,102,150,103,105,151,106,108,152,109,111,153,112]
        },
        "attributes":{
            "position":{
                "itemSize":3,
                "type":"Float32Array",
                "array":[-0.585857,0.491242,-0.000424734,-0.235891,0.867165,-0.509519,-0.583184,0.870834,-0.00710479,-1.65381,0.86761,-0.758499,-0.585857,0.491242,-0.000424734,-0.583184,0.870834,-0.00710479,-0.583184,0.870834,-0.00710479,-1.30652,0.863941,-1.26091,-1.65381,0.86761,-0.758499,-0.585857,0.491242,-0.000424734,-1.30919,0.484349,-1.25423,-0.238564,0.487573,-0.502839,-1.30919,0.484349,-1.25423,-0.235891,0.867165,-0.509519,-0.238564,0.487573,-0.502839,-1.65381,0.86761,-0.758499,-1.30919,0.484349,-1.25423,-1.65648,0.488018,-0.751819,-0.17235,-0.142428,0.252134,-0.240294,-0.142428,-0.531923,-0.583085,-0.142428,-0.0263617,-0.583085,-1.14295,-0.0263617,-0.17235,-0.142428,0.252134,-0.583085,-0.142428,-0.0263617,-0.583085,-1.14295,-0.0263617,-0.240294,-0.142428,-0.531923,-0.240294,-1.14295,-0.531923,-0.172349,-1.14295,0.252133,0.170441,-0.142428,-0.253428,-0.17235,-0.142428,0.252134,0.170441,-0.142428,-0.253428,-0.240294,-1.14295,-0.531923,-0.240294,-0.142428,-0.531923,-0.240294,-1.14295,-0.531923,-0.172349,-1.14295,0.252133,-0.583085,-1.14295,-0.0263617,0.239503,-0.128169,0.531387,0.171558,-0.128169,-0.25267,-0.171233,-0.128169,0.252891,-0.171233,-1.12869,0.252891,0.239503,-0.128169,0.531387,-0.171233,-0.128169,0.252891,-0.171233,-1.12869,0.252891,0.171558,-0.128169,-0.25267,0.171559,-1.12869,-0.25267,0.239503,-1.12869,0.531386,0.582294,-0.128169,0.0258254,0.239503,-0.128169,0.531387,0.582294,-1.12869,0.0258252,0.171558,-0.128169,-0.25267,0.582294,-0.128169,0.0258254,0.171559,-1.12869,-0.25267,0.239503,-1.12869,0.531386,-0.171233,-1.12869,0.252891,-0.580455,0.87041,-0.0245781,0.592101,0.87041,0.0324747,-0.237664,0.87041,-0.530139,-0.580455,-0.130109,-0.0245781,0.24931,0.87041,0.538036,-0.580455,0.87041,-0.0245781,-0.580455,-0.130109,-0.0245781,-0.237664,0.87041,-0.530139,-0.237663,-0.130109,-0.530139,0.24931,-0.130109,0.538036,0.592101,0.87041,0.0324747,0.24931,0.87041,0.538036,0.592101,0.87041,0.0324747,-0.237663,-0.130109,-0.530139,-0.237664,0.87041,-0.530139,-0.580455,-0.130109,-0.0245781,0.592101,-0.130109,0.0324748,0.24931,-0.130109,0.538036,0.0304916,0.866341,0.728111,0.0352595,1.53452,0.731344,0.0352595,1.53452,0.731344,-0.0304919,1.53893,-0.728111,0.0352595,1.53452,0.731344,0.692461,1.53452,-0.23792,-0.687693,1.53892,0.241153,0.692461,1.53452,-0.23792,0.687693,0.866342,-0.241153,-0.692461,0.870748,0.23792,-0.0352595,0.870748,-0.731344,0.687693,0.866342,-0.241153,0.0304916,0.866341,0.728111,0.0304916,0.866341,0.728111,0.687693,0.866342,-0.241153,0.0352595,1.53452,0.731344,0.0304916,0.866341,0.728111,-0.0352595,0.870748,-0.731344,0.692461,1.53452,-0.23792,0.687693,0.866342,-0.241153,0.687693,0.866342,-0.241153,-0.692461,0.870748,0.23792,-0.0304919,1.53893,-0.728111,-0.0352595,0.870748,-0.731344,1.31036,0.491242,1.28529,1.66033,0.867165,0.776193,1.31303,0.870834,1.27861,0.242406,0.86761,0.527214,1.31036,0.491242,1.28529,1.31303,0.870834,1.27861,0.242406,0.86761,0.527214,1.66033,0.867165,0.776193,0.589699,0.863941,0.0247994,1.31036,0.491242,1.28529,0.587025,0.484349,0.0314795,1.65765,0.487573,0.782874,0.587025,0.484349,0.0314795,1.66033,0.867165,0.776193,1.65765,0.487573,0.782874,0.242406,0.86761,0.527214,0.587025,0.484349,0.0314795,0.239733,0.488018,0.533894,-0.238564,0.487573,-0.502839,-1.65648,0.488018,-0.751819,-0.235891,0.867165,-0.509519,-1.65648,0.488018,-0.751819,-1.30652,0.863941,-1.26091,-1.30652,0.863941,-1.26091,0.170441,-0.142428,-0.253428,-0.172349,-1.14295,0.252133,-0.583085,-0.142428,-0.0263617,0.170441,-1.14295,-0.253428,0.170441,-1.14295,-0.253428,0.170441,-1.14295,-0.253428,0.582294,-0.128169,0.0258254,0.239503,-1.12869,0.531386,-0.171233,-0.128169,0.252891,0.582294,-1.12869,0.0258252,0.171559,-1.12869,-0.25267,0.582294,-1.12869,0.0258252,0.24931,0.87041,0.538036,0.24931,-0.130109,0.538036,-0.580455,0.87041,-0.0245781,0.592101,-0.130109,0.0324748,0.592101,-0.130109,0.0324748,-0.237663,-0.130109,-0.530139,0.0304916,0.866341,0.728111,-0.687693,1.53892,0.241153,-0.692461,0.870748,0.23792,0.0352595,1.53452,0.731344,0.0304916,0.866341,0.728111,0.687693,0.866342,-0.241153,0.692461,1.53452,-0.23792,-0.0304919,1.53893,-0.728111,0.692461,1.53452,-0.23792,-0.687693,1.53892,0.241153,1.65765,0.487573,0.782874,0.239733,0.488018,0.533894,1.31303,0.870834,1.27861,0.239733,0.488018,0.533894,0.589699,0.863941,0.0247994,0.589699,0.863941,0.0247994]
            },
            "uv":{
                "itemSize":2,
                "type":"Float32Array",