{
    "data":{
        "index":{
            "itemSize":1,
            "array":[0,1,2,3,4,5,6,7,8,9,10,11],
            "type":"Uint16Array"
        },
        "attributes":{
            "position":{
                "itemSize":3,
                "array":[1.66935,-0.982523,0.459282,-0,2.48024,-0,-1.23243,-0.982523,1.21606,-1.23243,-0.982523,1.21606,-0,2.48024,-0,-0.436928,-0.982523,-1.67535,-0.436928,-0.982523,-1.67535,-0,2.48024,-0,1.66935,-0.982523,0.459282,1.66935,-0.982523,0.459282,-1.23243,-0.982523,1.21606,-0.436928,-0.982523,-1.67535],
                "type":"Float32Array"
            },
            "uv":{
                "itemSize":2,
                "array":[0.691601,0.281007,0.790622,0.208013,0.790622,0.312291,0.20233,0.278984,0.291745,0.213071,0.291745,0.307233,0.183547,0.969192,0.24578,0.857778,0.308014,0.969192,0.795434,0.866499,0.795434,0.968781,0.677653,0.91764],
                "type":"Float32Array"
            },
            "normal":{
                "itemSize":3,
                "array":[0.244823,0.242536,0.938743,0.244823,0.242536,0.938743,0.244823,0.242536,0.938743,-0.935387,0.242536,-0.257348,-0.935387,0.242536,-0.257348,-0.935387,0.242536,-0.257348,0.690564,0.242536,-0.681395,0.690564,0.242536,-0.681395,0.690564,0.242536,-0.681395,0,-1,0,0,-1,0,0,-1,0],
                "type":"Float32Array"
            }
        }
    },
    "metadata":{
        "uv":12,
        "position":12,
        "normal":12,
        "version":3,
        "type":"BufferGeometry",
        "generator":"io_three"
    }
}