{
    "data":{
        "index":{
            "itemSize":1,
            "array":[0,1,2,3,4,5,6,7,8,9,10,11,12,13,14,15,16,17,18,19,20,19,21,20],
            "type":"Uint16Array"
        },
        "attributes":{
            "position":{
                "itemSize":3,
                "array":[0.610391,-0.424851,-1.05087,-6.34938e-09,2.00571,-9.73437e-08,1.18806,-0.424851,0.255779,1.18806,-0.424851,0.255779,-6.34938e-09,2.00571,-9.73437e-08,0.123869,-0.424851,1.20895,0.123869,-0.424851,1.20895,-6.34938e-09,2.00571,-9.73437e-08,-1.1115,-0.424851,0.491392,-1.1115,-0.424851,0.491392,-6.34938e-09,2.00571,-9.73437e-08,-0.810815,-0.424851,-0.905253,-0.810815,-0.424851,-0.905253,-6.34938e-09,2.00571,-9.73437e-08,0.610391,-0.424851,-1.05087,1.18806,-0.424851,0.255779,0.123869,-0.424851,1.20895,-1.1115,-0.424851,0.491392,-0.810815,-0.424851,-0.905253,0.610391,-0.424851,-1.05087,-1.1115,-0.424851,0.491392,1.18806,-0.424851,0.255779],
                "type":"Float32Array"
            },
            "uv":{
                "itemSize":2,
                "array":[0.324287,0.667902,0.476195,0.667902,0.476195,0.81981,0.523012,0.54396,0.602677,0.54396,0.602677,0.623625,0.366456,0.531713,0.465959,0.531713,0.465959,0.631217,0.176506,0.358056,0.311429,0.358056,0.311429,0.49298,0.18449,0.526642,0.303445,0.526642,0.303445,0.645597,0.491749,0.273237,0.463784,0.18717,0.373287,0.18717,0.345322,0.273237,0.418535,0.32643,0.373287,0.18717,0.491749,0.273237],
                "type":"Float32Array"
            },
            "normal":{
                "itemSize":3,
                "array":[0.847866,0.374991,-0.37484,0.847866,0.374991,-0.37484,0.847866,0.374991,-0.37484,0.618499,0.374991,0.690537,0.618499,0.374991,0.690537,0.618499,0.374991,0.690537,-0.465613,0.374991,0.801615,-0.465613,0.374991,0.801615,-0.465613,0.374991,0.801615,-0.906263,0.374991,-0.195112,-0.906263,0.374991,-0.195112,-0.906263,0.374991,-0.195112,-0.0944887,0.374991,-0.9222,-0.0944887,0.374991,-0.9222,-0.0944887,0.374991,-0.9222,0,-1,0,0,-1,0,0,-1,0,-0,-1,-0,-0,-1,-0,-0,-1,-0,0,-1,-0],
                "type":"Float32Array"
            }
        }
    },
    "metadata":{
        "uv":22,
        "position":22,
        "normal":22,
        "version":3,
        "type":"BufferGeometry",
        "generator":"io_three"
    }
}