{
    "metadata":{
        "normal":20,
        "version":3,
        "position":20,
        "uv":20,
        "type":"BufferGeometry",
        "generator":"io_three"
    },
    "data":{
        "index":{
            "itemSize":1,
            "array":[0,1,2,3,4,5,6,7,8,9,10,11,12,13,14,15,16,17,3,18,4,9,19,10],
            "type":"Uint16Array"
        },
        "attributes":{
            "normal":{
                "itemSize":3,
                "array":[0.866025,0,-0.5,0.866025,0,-0.5,0.866025,0,-0.5,-8.60319e-08,3.76303e-08,1,-8.60319e-08,3.76303e-08,1,-8.60319e-08,3.76303e-08,1,-0,1,0,-0,1,0,-0,1,0,-0.866025,0,-0.5,-0.866025,0,-0.5,-0.866025,0,-0.5,-3.4186e-15,-1,3.97364e-08,-3.4186e-15,-1,3.97364e-08,-3.4186e-15,-1,3.97364e-08,0.866025,-1.88152e-08,-0.5,0.866025,-1.88152e-08,-0.5,0.866025,-1.88152e-08,-0.5,-8.60319e-08,3.76303e-08,1,-0.866025,0,-0.5],
                "type":"Float32Array"
            },
            "position":{
                "itemSize":3,
                "array":[0,1.67678,-1,0.866025,0.092824,0.5,0,0.0928239,-1,0.866025,1.67678,0.5,-0.866025,0.092824,0.5,0.866025,0.092824,0.5,0.866025,1.67678,0.5,0,1.67678,-1,-0.866025,1.67678,0.5,-0.866025,1.67678,0.5,0,0.0928239,-1,-0.866025,0.092824,0.5,0,0.0928239,-1,0.866025,0.092824,0.5,-0.866025,0.092824,0.5,0,1.67678,-1,0.866025,1.67678,0.5,0.866025,0.092824,0.5,-0.866025,1.67678,0.5,0,1.67678,-1],
                "type":"Float32Array"
            },
            "uv":{
                "itemSize":2,
                "array":[0.532346,0.479663,0.616716,0.35758,0.616716,0.479663,0.429684,0.355048,0.332127,0.496213,0.332127,0.355048,0.369588,0.92302,0.443448,0.866592,0.443448,0.979449,0.23457,0.496213,0.332127,0.355048,0.332127,0.496213,0.612847,0.852342,0.612847,0.993699,0.520335,0.92302,0.532346,0.479663,0.532346,0.35758,0.616716,0.35758,0.429684,0.496213,0.23457,0.355048],
                "type":"Float32Array"
            }
        }
    }
}