{
    "data":{
        "index":{
            "itemSize":1,
            "array":[0,1,2,3,4,5,6,7,8,9,10,11,12,13,14,15,16,17,18,19,20,21,22,23,24,25,26,6,27,7,28,29,30,31,32,33,34,35,36,37,38,39,40,41,42,18,43,19],
            "type":"Uint16Array"
        },
        "attributes":{
            "position":{
                "itemSize":3,
                "array":[0,1.12371,-0.8,0.760845,-0.476294,-0.247214,0,-0.476294,-0.8,0.760845,1.12371,-0.247214,0.470228,-0.476294,0.647214,0.760845,-0.476294,-0.247214,0.470228,1.12371,0.647214,-0.470228,-0.476294,0.647214,0.470228,-0.476294,0.647214,-0.760845,1.12371,-0.247214,-0.470228,1.12371,0.647214,0.470228,1.12371,0.647214,-0.470228,1.12371,0.647214,-0.760845,-0.476294,-0.247214,-0.470228,-0.476294,0.647214,-0.760845,1.12371,-0.247214,0,-0.476294,-0.8,-0.760845,-0.476294,-0.247214,0.760845,-0.476294,-0.247214,-0.470228,-0.476294,0.647214,-0.760845,-0.476294,-0.247214,0,1.12371,-0.8,0.760845,1.12371,-0.247214,0.760845,-0.476294,-0.247214,0.760845,1.12371,-0.247214,0.470228,1.12371,0.647214,0.470228,-0.476294,0.647214,-0.470228,1.12371,0.647214,0.470228,1.12371,0.647214,0.760845,1.12371,-0.247214,0,1.12371,-0.8,0,1.12371,-0.8,-0.760845,1.12371,-0.247214,0.470228,1.12371,0.647214,-0.470228,1.12371,0.647214,-0.760845,1.12371,-0.247214,-0.760845,-0.476294,-0.247214,-0.760845,1.12371,-0.247214,0,1.12371,-0.8,0,-0.476294,-0.8,-0.760845,-0.476294,-0.247214,0,-0.476294,-0.8,0.760845,-0.476294,-0.247214,0.470228,-0.476294,0.647214],
                "type":"Float32Array"
            },
            "uv":{
                "itemSize":2,
                "array":[0.331763,0.990554,0.275722,0.846935,0.331763,0.846935,0.766108,0.994572,0.708751,0.847584,0.766108,0.847584,0.146039,0.988876,0.090496,0.846536,0.146039,0.846536,0.36438,0.413817,0.396239,0.347765,0.447787,0.372995,0.555284,0.991288,0.499242,0.847668,0.555284,0.847668,0.499242,0.991288,0.331763,0.846935,0.499242,0.847668,0.765865,0.462232,0.702895,0.431412,0.726947,0.381544,0.331763,0.990554,0.275722,0.990554,0.275722,0.846935,0.766108,0.994572,0.708751,0.994572,0.708751,0.847584,0.090496,0.988876,0.447787,0.372995,0.447787,0.454638,0.396239,0.479868,0.396239,0.479868,0.36438,0.413817,0.447787,0.372995,0.555284,0.991288,0.499242,0.991288,0.499242,0.847668,0.499242,0.991288,0.331763,0.990554,0.331763,0.846935,0.726947,0.381544,0.765865,0.400592,0.765865,0.462232,0.726947,0.481279],
                "type":"Float32Array"
            },
            "normal":{
                "itemSize":3,
                "array":[0.587785,-0,-0.809017,0.587785,-0,-0.809017,0.587785,-0,-0.809017,0.951057,0,0.309017,0.951057,0,0.309017,0.951057,0,0.309017,-0,0,1,-0,0,1,-0,0,1,0,1,0,0,1,0,0,1,0,-0.951057,0,0.309017,-0.951057,0,0.309017,-0.951057,0,0.309017,-0.587785,0,-0.809017,-0.587785,0,-0.809017,-0.587785,0,-0.809017,0,-1,0,0,-1,0,0,-1,0,0.587785,-0,-0.809017,0.587785,-0,-0.809017,0.587785,-0,-0.809017,0.951057,0,0.309017,0.951057,0,0.309017,0.951057,0,0.309017,-0,0,1,-0,1,-0,-0,1,-0,-0,1,-0,0,1,-0,0,1,-0,0,1,-0,-0.951057,0,0.309017,-0.951057,0,0.309017,-0.951057,0,0.309017,-0.587785,-0,-0.809017,-0.587785,-0,-0.809017,-0.587785,-0,-0.809017,-0,-1,0,-0,-1,0,-0,-1,0,0,-1,0],
                "type":"Float32Array"
            }
        }
    },
    "metadata":{
        "uv":44,
        "position":44,
        "normal":44,
        "version":3,
        "type":"BufferGeometry",
        "generator":"io_three"
    }
}