{
    "data":{
        "index":{
            "array":[0,1,2,3,4,5,6,7,8,9,10,11,12,13,14,15,16,17,18,19,20,21,22,23,24,25,26,27,28,29,30,31,32,33,34,35,36,37,38,39,40,41,42,43,44,45,46,47,48,49,50,51,52,53,54,55,56,57,58,59,60,61,62,63,64,65,66,67,68,69,70,71,72,73,74,75,76,77,78,79,80,81,82,83,84,85,86,87,88,89,90,91,92,93,94,95,96,97,98,99,100,101,101,102,103,104,105,106,107,108,103,108,109,103,109,110,111,112,113,114,115,116,109,117,118,119,120,121,122,121,123,122,122,124,125,125,126,127,128,129,130,131,132,133,133,134,135,136,137,138,139,140,99,140,141,99,142,143,144,144,145,104,146,147,148,149,150,151,152,153,154,133,135,99,136,138,144,144,104,114,155,156,157,99,109,133],
            "type":"Uint16Array",
            "itemSize":1
        },
        "attributes":{
            "normal":{
                "array":[0.0877537,0.445488,-0.890977,0.0877537,0.445488,-0.890977,0.0877537,0.445488,-0.890977,0.259888,0.445488,-0.856737,0.259888,0.445488,-0.856737,0.259888,0.445488,-0.856737,0.422036,0.445488,-0.789573,0.422036,0.445488,-0.789573,0.422036,0.445488,-0.789573,0.567965,0.445488,-0.692067,0.567965,0.445488,-0.692067,0.567965,0.445488,-0.692067,0.692067,0.445488,-0.567965,0.692067,0.445488,-0.567965,0.692067,0.445488,-0.567965,0.789573,0.445488,-0.422036,0.789573,0.445488,-0.422036,0.789573,0.445488,-0.422036,0.856737,0.445488,-0.259888,0.856737,0.445488,-0.259888,0.856737,0.445488,-0.259888,0.890977,0.445488,-0.0877537,0.890977,0.445488,-0.0877537,0.890977,0.445488,-0.0877537,0.890977,0.445488,0.0877534,0.890977,0.445488,0.0877534,0.890977,0.445488,0.0877534,0.856737,0.445488,0.259888,0.856737,0.445488,0.259888,0.856737,0.445488,0.259888,0.789574,0.445488,0.422035,0.789574,0.445488,0.422035,0.789574,0.445488,0.422035,0.692067,0.445488,0.567965,0.692067,0.445488,0.567965,0.692067,0.445488,0.567965,0.567965,0.445488,0.692067,0.567965,0.445488,0.692067,0.567965,0.445488,0.692067,0.422036,0.445488,0.789573,0.422036,0.445488,0.789573,0.422036,0.445488,0.789573,0.259888,0.445488,0.856737,0.259888,0.445488,0.856737,0.259888,0.445488,0.856737,0.0877528,0.445488,0.890977,0.0877528,0.445488,0.890977,0.0877528,0.445488,0.890977,-0.0877534,0.445488,0.890977,-0.0877534,0.445488,0.890977,-0.0877534,0.445488,0.890977,-0.259889,0.445488,0.856737,-0.259889,0.445488,0.856737,-0.259889,0.445488,0.856737,-0.422036,0.445488,0.789573,-0.422036,0.445488,0.789573,-0.422036,0.445488,0.789573,-0.567965,0.445488,0.692066,-0.567965,0.445488,0.692066,-0.567965,0.445488,0.692066,-0.692067,0.445488,0.567964,-0.692067,0.445488,0.567964,-0.692067,0.445488,0.567964,-0.789574,0.445488,0.422035,-0.789574,0.445488,0.422035,-0.789574,0.445488,0.422035,-0.856737,0.445488,0.259887,-0.856737,0.445488,0.259887,-0.856737,0.445488,0.259887,-0.890977,0.445488,0.0877528,-0.890977,0.445488,0.0877528,-0.890977,0.445488,0.0877528,-0.890977,0.445488,-0.0877545,-0.890977,0.445488,-0.0877545,-0.890977,0.445488,-0.0877545,-0.856737,0.445488,-0.259889,-0.856737,0.445488,-0.259889,-0.856737,0.445488,-0.259889,-0.789573,0.445488,-0.422037,-0.789573,0.445488,-0.422037,-0.789573,0.445488,-0.422037,-0.692066,0.445488,-0.567966,-0.692066,0.445488,-0.567966,-0.692066,0.445488,-0.567966,-0.567964,0.445488,-0.692068,-0.567964,0.445488,-0.692068,-0.567964,0.445488,-0.692068,-0.422035,0.445488,-0.789574,-0.422035,0.445488,-0.789574,-0.422035,0.445488,-0.789574,-0.259887,0.445488,-0.856737,-0.259887,0.445488,-0.856737,-0.259887,0.445488,-0.856737,-0.087753,0.445488,-0.890977,-0.087753,0.445488,-0.890977,-0.087753,0.445488,-0.890977,1.16283e-08,-1,5.84593e-08,1.16283e-08,-1,5.84593e-08,1.16283e-08,-1,5.84593e-08,-0,-1,0,-0,-1,0,-0,-1,0,0,-1,0,0,-1,0,0,-1,0,0,-1,0,0,-1,0,0,-1,-0,0,-1,-0,0,-1,-0,0,-1,-0,0,-1,-0,0,-1,0,0,-1,0,0,-1,0,0,-1,0,0,-1,0,3.74537e-07,-1,7.0071e-07,3.74537e-07,-1,7.0071e-07,3.74537e-07,-1,7.0071e-07,0,-1,0,0,-1,0,0,-1,0,0,-1,0,0,-1,0,0,-1,0,0,-1,0,0,-1,0,-9.88714e-07,-1,1.20475e-06,-9.88714e-07,-1,1.20475e-06,-9.88714e-07,-1,1.20475e-06,0,-1,0,0,-1,0,0,-1,0,0,-1,0,0,-1,0,0,-1,0,0,-1,0,0,-1,0,0,-1,0,0,-1,0,0,-1,0,0,-1,0,0,-1,0,0,-1,0,0,-1,0,-2.31777e-14,-1,7.58623e-08,-2.31777e-14,-1,7.58623e-08,-2.31777e-14,-1,7.58623e-08,-5.36428e-08,-1,1.29505e-07,-5.36428e-08,-1,1.29505e-07,-5.36428e-08,-1,1.29505e-07,3.68799e-07,-1,-1.52761e-07,3.68799e-07,-1,-1.52761e-07,3.68799e-07,-1,-1.52761e-07,-1.08019e-07,-1,-2.14863e-08,-1.08019e-07,-1,-2.14863e-08,-1.08019e-07,-1,-2.14863e-08],
                "type":"Float32Array",
                "itemSize":3
            },
            "position":{
                "array":[0,-1,-1,0,1,-4.37114e-08,0.19509,-1,-0.980785,0.19509,-1,-0.980785,0,1,-4.37114e-08,0.382683,-1,-0.923879,0.382683,-1,-0.923879,0,1,-4.37114e-08,0.55557,-1,-0.83147,0.55557,-1,-0.83147,0,1,-4.37114e-08,0.707107,-1,-0.707107,0.707107,-1,-0.707107,0,1,-4.37114e-08,0.83147,-1,-0.55557,0.83147,-1,-0.55557,0,1,-4.37114e-08,0.92388,-1,-0.382683,0.92388,-1,-0.382683,0,1,-4.37114e-08,0.980785,-1,-0.19509,0.980785,-1,-0.19509,0,1,-4.37114e-08,1,-1,-3.17865e-08,1,-1,-3.17865e-08,0,1,-4.37114e-08,0.980785,-1,0.19509,0.980785,-1,0.19509,0,1,-4.37114e-08,0.92388,-1,0.382683,0.92388,-1,0.382683,0,1,-4.37114e-08,0.83147,-1,0.55557,0.83147,-1,0.55557,0,1,-4.37114e-08,0.707107,-1,0.707107,0.707107,-1,0.707107,0,1,-4.37114e-08,0.55557,-1,0.83147,0.55557,-1,0.83147,0,1,-4.37114e-08,0.382683,-1,0.92388,0.382683,-1,0.92388,0,1,-4.37114e-08,0.19509,-1,0.980785,0.19509,-1,0.980785,0,1,-4.37114e-08,-3.25841e-07,-1,1,-3.25841e-07,-1,1,0,1,-4.37114e-08,-0.195091,-1,0.980785,-0.195091,-1,0.980785,0,1,-4.37114e-08,-0.382684,-1,0.923879,-0.382684,-1,0.923879,0,1,-4.37114e-08,-0.555571,-1,0.831469,-0.555571,-1,0.831469,0,1,-4.37114e-08,-0.707107,-1,0.707106,-0.707107,-1,0.707106,0,1,-4.37114e-08,-0.83147,-1,0.55557,-0.83147,-1,0.55557,0,1,-4.37114e-08,-0.92388,-1,0.382683,-0.92388,-1,0.382683,0,1,-4.37114e-08,-0.980785,-1,0.19509,-0.980785,-1,0.19509,0,1,-4.37114e-08,-1,-1,-9.21888e-07,-1,-1,-9.21888e-07,0,1,-4.37114e-08,-0.980785,-1,-0.195091,-0.980785,-1,-0.195091,0,1,-4.37114e-08,-0.923879,-1,-0.382684,-0.923879,-1,-0.382684,0,1,-4.37114e-08,-0.831469,-1,-0.555571,-0.831469,-1,-0.555571,0,1,-4.37114e-08,-0.707106,-1,-0.707108,-0.707106,-1,-0.707108,0,1,-4.37114e-08,-0.555569,-1,-0.83147,-0.555569,-1,-0.83147,0,1,-4.37114e-08,-0.382682,-1,-0.92388,-0.382682,-1,-0.92388,0,1,-4.37114e-08,-0.195089,-1,-0.980785,-0.195089,-1,-0.980785,0,1,-4.37114e-08,0,-1,-1,0.980785,-1,-0.19509,0.19509,-1,0.980785,-0.980785,-1,0.19509,-0.195089,-1,-0.980785,0,-1,-1,0.19509,-1,-0.980785,0.382683,-1,-0.923879,0.55557,-1,-0.83147,0.55557,-1,-0.83147,0.707107,-1,-0.707107,0.83147,-1,-0.55557,0.83147,-1,-0.55557,0.92388,-1,-0.382683,0.980785,-1,-0.19509,1,-1,-3.17865e-08,0.980785,-1,0.19509,0.980785,-1,0.19509,0.92388,-1,0.382683,0.980785,-1,-0.19509,0.92388,-1,0.382683,0.83147,-1,0.55557,0.83147,-1,0.55557,0.707107,-1,0.707107,0.19509,-1,0.980785,0.707107,-1,0.707107,0.55557,-1,0.83147,0.19509,-1,0.980785,0.382683,-1,0.92388,-3.25841e-07,-1,1,-0.195091,-1,0.980785,-0.382684,-1,0.923879,-0.555571,-1,0.831469,-0.555571,-1,0.831469,-0.707107,-1,0.707106,-0.83147,-1,0.55557,-0.83147,-1,0.55557,-0.92388,-1,0.382683,-0.980785,-1,0.19509,-1,-1,-9.21888e-07,-0.980785,-1,-0.195091,-0.980785,-1,-0.195091,-0.923879,-1,-0.382684,-0.831469,-1,-0.555571,-0.831469,-1,-0.555571,-0.707106,-1,-0.707108,-0.555569,-1,-0.83147,-0.555569,-1,-0.83147,-0.382682,-1,-0.92388,-0.195089,-1,-0.980785,0.19509,-1,-0.980785,0.19509,-1,0.980785,-0.195091,-1,0.980785,-0.980785,-1,0.19509,-0.195091,-1,0.980785,-0.555571,-1,0.831469,-0.980785,-1,0.19509,-0.555571,-1,0.831469,-0.83147,-1,0.55557,-0.980785,-1,0.19509,0.980785,-1,-0.19509,0.83147,-1,0.55557,0.19509,-1,0.980785],
                "type":"Float32Array",
                "itemSize":3
            }
        }
    },
    "metadata":{
        "generator":"io_three",
        "normal":158,
        "type":"BufferGeometry",
        "version":3,
        "position":158
    }
}