{
    "data":{
        "attributes":{
            "uv":{
                "itemSize":2,
                "type":"Float32Array",
                "array":[0.319568,0.941624,0.359867,0.749999,0.359866,0.941624,0.500398,0.000244593,0.626744,0.372496,0.500398,0.372492,0.501713,-0.00272807,0.440739,0.375541,0.440739,-0.00272816,0.251265,-0.00022957,0.309937,0.37413,0.251265,0.37413,0.312511,0.376089,0.439195,-9.5116e-05,0.439195,0.376085,0.27927,0.750002,0.319568,0.941627,0.27927,0.941627,0.403759,0.844857,0.363461,0.750002,0.403759,0.750002,0.188359,0.000270953,0.249509,0.374031,0.188359,0.374029,0.403759,0.500002,0.363461,0.750002,0.363461,0.500002,0.126947,0.00031669,0.186867,0.372046,0.126947,0.372046,0.0622439,-0.000517625,0.124405,0.372544,0.0622438,0.372546,0,0.928783,0.0402985,0.833929,0.0402985,0.928783,0.588783,0.837725,0.62908,0.932582,0.588783,0.932579,0.814818,0.000611817,0.87552,0.373291,0.814818,0.373298,0.688623,0.372249,0.62647,0.00020197,0.688623,0.000199944,0.62782,0.370016,0.68744,0.000148365,0.68744,0.370019,0.688116,-0.00119152,0.753924,0.373629,0.688116,0.373621,0.444057,0.75,0.403759,0.655148,0.444057,0.655145,0.403759,0.560289,0.444057,0.655145,0.403759,0.655143,0.75292,0.374337,0.687227,0.000191718,0.75292,0.000183612,0.752491,0.375228,0.814206,-0.000513033,0.814206,0.375225,0.81351,0.00443902,0.7539,0.374245,0.7539,0.00443611,0.75257,0.373049,0.688326,0.00714019,0.75257,0.00714788,0.69588,0.839397,0.736177,0.934249,0.69588,0.934251,0,0,0,0,0,0,0.127202,0.751593,0.24958,0.99882,0.127202,0.998826,0.377652,0.747265,0.499621,0.503702,0.499621,0.747269,0,0,0,0,0.575629,0.793907,0.49837,0.960871,0.49837,0.793911,0,0,0,0,0.126892,0.504609,0.00155439,0.749215,0.00155439,0.504602,0.249745,0.503053,0.125344,0.751682,0.125344,0.503057,0,0,0.37642,0.501834,0.249918,0.750282,0.249918,0.501841,0.590335,0.685584,0.630633,0.780439,0.590335,0.780439,0.186325,0.00102898,0.251143,0.370209,0.186325,0.370207,0.0603552,0.00248775,0.000546298,0.373526,0.000546298,0.00248775,0.659326,0.555056,0.699625,0.805056,0.659326,0.805056,0.0625172,0.372434,0.125882,0.000210213,0.125882,0.372432,0.0772593,0.928781,0.117558,0.833926,0.117558,0.928781,0.319568,0.749999,0.626744,0.000248453,0.501713,0.375541,0.309937,-0.0002296,0.312511,-9.13758e-05,0.319568,0.750002,0.363461,0.844857,0.249509,0.000272846,0.403759,0.750002,0.186867,0.00031669,0.124405,-0.000519548,3.68409e-08,0.833929,0.62908,0.837727,0.87552,0.000604531,0.62647,0.372251,0.62782,0.000145355,0.753924,-0.00118366,0.403759,0.750002,0.444057,0.560291,0.687227,0.374345,0.752491,-0.000510217,0.81351,0.374248,0.688326,0.373041,0.736177,0.839394,0.24958,0.751587,0.377652,0.503699,0.575629,0.960867,0.126892,0.749222,0.249745,0.751678,0.37642,0.750275,0.630633,0.685584,0.251143,0.00103093,0.0603552,0.373526,0.699625,0.555056,0.0625173,0.00021206,0.0772594,0.833926]
            },
            "normal":{
                "itemSize":3,
                "type":"Float32Array",
                "array":[-0.577349,0.577349,-0.577349,0.577349,0.577349,0.577349,0.577349,0.577349,-0.577349,-0.577349,-0.577349,-0.577349,-0.577349,0.577349,0.577349,-0.577349,0.577349,-0.577349,-0.577349,-0.577349,-0.577349,0.577349,0.577349,-0.577349,0.577349,-0.577349,-0.577349,-0.577349,-0.577349,0.577349,0.577349,0.577349,0.577349,-0.577349,0.577349,0.577349,0.577349,0.577349,0.577349,0.577349,-0.577349,-0.577349,0.577349,0.577349,-0.577349,-0.577349,-0.577349,-0.577349,0.577349,-0.577349,0.577349,-0.577349,-0.577349,0.577349,-0.577349,0.577349,0.577349,0.577349,0.577349,-0.577349,-0.577349,0.577349,-0.577349,-0.577349,-0.577349,-0.577349,-0.577349,0.577349,0.577349,-0.577349,0.577349,-0.577349,-0.577349,-0.577349,-0.577349,0.577349,0.577349,-0.577349,0.577349,-0.577349,-0.577349,-0.577349,-0.577349,0.577349,0.577349,0.577349,0.577349,-0.577349,0.577349,0.577349,0.577349,-0.577349,0.577349,0.577349,0.577349,-0.577349,0.577349,0.577349,0.577349,0.577349,-0.577349,-0.577349,-0.577349,-0.577349,0.577349,-0.577349,-0.577349,-0.577349,-0.590289,-0.569353,0.572131,0.576434,0.573077,0.582476,-0.578112,0.585253,0.568529,-0.564226,0.58153,-0.586047,-0.590289,-0.569353,0.572131,-0.578112,0.585253,0.568529,-0.578112,0.585253,0.568529,0.590289,0.569353,-0.572131,-0.564226,0.58153,-0.586047,-0.590289,-0.569353,0.572131,0.578112,-0.585253,-0.568529,0.564226,-0.58153,0.586047,0.578112,-0.585253,-0.568529,0.576434,0.573077,0.582476,0.564226,-0.58153,0.586047,-0.564226,0.58153,-0.586047,0.578112,-0.585253,-0.568529,-0.576434,-0.573077,-0.582476,-0.590289,-0.569353,0.572131,0.576434,0.573077,0.582476,-0.578112,0.585253,0.568529,-0.564226,0.58153,-0.586047,-0.590289,-0.569353,0.572131,-0.578112,0.585253,0.568529,-0.564226,0.58153,-0.586047,0.576434,0.573077,0.582476,0.590289,0.569353,-0.572131,-0.590289,-0.569353,0.572131,0.578112,-0.585253,-0.568529,0.564226,-0.58153,0.586047,0.578112,-0.585253,-0.568529,0.576434,0.573077,0.582476,0.564226,-0.58153,0.586047,-0.564226,0.58153,-0.586047,0.578112,-0.585253,-0.568529,-0.576434,-0.573077,-0.582476,-0.409131,-0.409131,0.815577,0,-0.00219733,0.999969,-0.407331,0.407331,0.817377,0.577349,0.581133,-0.573504,-0.407331,0.407331,0.817377,0.407331,0.407331,0.817377,-0.577349,0.581133,-0.573504,-0.409131,-0.409131,0.815577,-0.407331,0.407331,0.817377,0,-0.00219733,0.999969,0.407331,0.407331,0.817377,0.409131,-0.409131,0.815577,-0.577349,-0.573504,-0.581133,0.577349,-0.573504,-0.581133,0.409131,-0.409131,0.815577,0,-0.00219733,0.999969,0,-0.00219733,0.999969,0,-0.00219733,0.999969,0,-0.00219733,0.999969,0.577349,-0.573504,-0.581133,0.407331,0.407331,0.817377,0.409131,-0.409131,0.815577,0,-0.00219733,0.999969,-0.577349,-0.573504,-0.581133,0.577349,0.581133,-0.573504,0.577349,-0.573504,-0.581133,-0.577349,0.577349,0.577349,0.577349,0.577349,-0.577349,-0.577349,0.577349,-0.577349,-0.577349,-0.577349,-0.577349,-0.577349,0.577349,0.577349,-0.577349,0.577349,-0.577349,-0.577349,-0.577349,-0.577349,0.577349,0.577349,-0.577349,0.577349,-0.577349,-0.577349,-0.577349,-0.577349,0.577349,0.577349,0.577349,0.577349,-0.577349,0.577349,0.577349,0.577349,0.577349,0.577349,0.577349,-0.577349,-0.577349,0.577349,0.577349,-0.577349,0.577349,-0.577349,-0.577349,-0.577349,-0.577349,0.577349,-0.577349,-0.577349,-0.577349,-0.577349,0.577349,0.577349,-0.577349,-0.577349,0.577349,-0.577349,0.577349,-0.577349,0.577349,-0.577349,0.577349,0.577349,-0.577349,0.577349,0.577349,-0.577349,-0.577349,0.577349,0.577349,0.577349,-0.577349,-0.577349,0.577349,-0.577349,0.577349,-0.577349,0.577349,-0.577349,0.577349,0.577349,-0.577349,-0.577349,0.577349,-0.577349,0.577349,0.564226,-0.58153,0.586047,-0.576434,-0.573077,-0.582476,0.576434,0.573077,0.582476,-0.576434,-0.573077,-0.582476,0.590289,0.569353,-0.572131,0.590289,0.569353,-0.572131,0.564226,-0.58153,0.586047,-0.576434,-0.573077,-0.582476,-0.578112,0.585253,0.568529,-0.576434,-0.573077,-0.582476,0.590289,0.569353,-0.572131,0.590289,0.569353,-0.572131,-0.577349,0.581133,-0.573504,-0.577349,-0.573504,-0.581133,-0.409131,-0.409131,0.815577,0,-0.00219733,0.999969,0.577349,0.581133,-0.573504,-0.577349,0.581133,-0.573504,0.577349,0.577349,0.577349,-0.577349,-0.577349,0.577349,-0.577349,0.577349,-0.577349,0.577349,-0.577349,0.577349,0.577349,-0.577349,0.577349,0.577349,-0.577349,0.577349]
            },
            "position":{
                "itemSize":3,
                "type":"Float32Array",