{
    "data":{
        "attributes":{
            "normal":{
                "type":"Float32Array",
                "array":[0.544894,0.374991,-0.749982,0.544894,0.374991,-0.749982,0.544894,0.374991,-0.749982,0.881656,0.374991,0.286468,0.881656,0.374991,0.286468,0.881656,0.374991,0.286468,-0,0.374991,0.927029,-0,0.374991,0.927029,-0,0.374991,0.927029,-0.881657,0.374991,0.286467,-0.881657,0.374991,0.286467,-0.881657,0.374991,0.286467,-0.544894,0.374991,-0.749982,-0.544894,0.374991,-0.749982,-0.544894,0.374991,-0.749982,0,-1,0,0,-1,0,0,-1,0,-0,-1,-0,-0,-1,-0],
                "itemSize":3
            },
            "position":{
                "type":"Float32Array",
                "array":[-0,-0.302168,-0.7,-0,1.09783,-0,0.66574,-0.302168,-0.216312,0.66574,-0.302168,-0.216312,-0,1.09783,-0,0.41145,-0.302168,0.566312,0.41145,-0.302168,0.566312,-0,1.09783,-0,-0.41145,-0.302168,0.566312,-0.41145,-0.302168,0.566312,-0,1.09783,-0,-0.66574,-0.302168,-0.216312,-0.66574,-0.302168,-0.216312,-0,1.09783,-0,-0,-0.302168,-0.7,0.66574,-0.302168,-0.216312,0.41145,-0.302168,0.566312,-0.41145,-0.302168,0.566312,-0.66574,-0.302168,-0.216312,-0,-0.302168,-0.7],
                "itemSize":3
            },
            "uv":{
                "type":"Float32Array",
                "array":[0.324287,0.667902,0.476195,0.667902,0.476195,0.81981,0.523012,0.54396,0.602677,0.54396,0.602677,0.623625,0.366456,0.531713,0.465959,0.531713,0.465959,0.631217,0.176506,0.358056,0.311429,0.358056,0.311429,0.49298,0.18449,0.526642,0.303445,0.526642,0.303445,0.645597,0.491749,0.273237,0.463784,0.18717,0.373287,0.18717,0.345322,0.273237,0.418535,0.32643],
                "itemSize":2
            }
        },
        "index":{
            "type":"Uint16Array",
            "array":[0,1,2,3,4,5,6,7,8,9,10,11,12,13,14,15,16,17,18,19,17,19,15,17],
            "itemSize":1
        }
    },
    "metadata":{
        "type":"BufferGeometry",
        "position":20,
        "normal":20,
        "version":3,
        "generator":"io_three",
        "uv":20
    }
}