{
    "data":{
        "index":{
            "itemSize":1,
            "array":[0,1,2,3,4,5,6,7,8,9,10,11,12,13,14,15,16,17,18,19,20,21,22,23,24,25,26,3,27,4,28,29,30,31,32,33,34,35,36,37,38,39,40,41,42,15,43,16,44,45,46,23,47,21,21,48,22,22,49,23],
            "type":"Uint16Array"
        },
        "attributes":{
            "position":{
                "itemSize":3,
                "array":[0,1.83046,-1.15695,1.00195,-0.483434,-0.578474,0,-0.483434,-1.15695,1.00195,1.83046,-0.578474,1.00195,-0.483434,0.578474,1.00195,-0.483434,-0.578474,1.00195,1.83046,0.578474,-1.01144e-07,-0.483434,1.15695,1.00195,-0.483434,0.578474,-1.01144e-07,1.83046,1.15695,-1.00195,-0.483434,0.578474,-1.01144e-07,-0.483434,1.15695,0,1.83046,-1.15695,-1.00195,1.83046,0.578474,1.00195,1.83046,0.578474,-1.00195,1.83046,0.578474,-1.00195,-0.483434,-0.578474,-1.00195,-0.483434,0.578474,-1.00195,1.83046,-0.578474,0,-0.483434,-1.15695,-1.00195,-0.483434,-0.578474,1.00195,-0.483434,-0.578474,-1.01144e-07,-0.483434,1.15695,-1.00195,-0.483434,-0.578474,0,1.83046,-1.15695,1.00195,1.83046,-0.578474,1.00195,-0.483434,-0.578474,1.00195,1.83046,0.578474,1.00195,1.83046,0.578474,-1.01144e-07,1.83046,1.15695,-1.01144e-07,-0.483434,1.15695,-1.01144e-07,1.83046,1.15695,-1.00195,1.83046,0.578474,-1.00195,-0.483434,0.578474,1.00195,1.83046,0.578474,1.00195,1.83046,-0.578474,0,1.83046,-1.15695,0,1.83046,-1.15695,-1.00195,1.83046,-0.578474,-1.00195,1.83046,0.578474,-1.00195,1.83046,0.578474,-1.01144e-07,1.83046,1.15695,1.00195,1.83046,0.578474,-1.00195,1.83046,-0.578474,-1.00195,1.83046,-0.578474,0,1.83046,-1.15695,0,-0.483434,-1.15695,0,-0.483434,-1.15695,1.00195,-0.483434,0.578474,-1.00195,-0.483434,0.578474],
                "type":"Float32Array"
            },
            "uv":{
                "itemSize":2,
                "array":[0.54745,0.826022,0.512995,0.753115,0.54745,0.753115,0.558705,0.77231,0.572134,0.829143,0.558705,0.829143,0.572134,0.77231,0.598992,0.829143,0.572134,0.829143,0.569674,0.750879,0.617556,0.738213,0.617556,0.750879,0.691463,0.210996,0.807072,0.210996,0.749267,0.316924,0.569674,0.738213,0.617556,0.712883,0.617556,0.738213,0.569674,0.712883,0.617556,0.700218,0.617556,0.712883,0.0198608,0.790955,0.0808597,0.679173,0.141859,0.790955,0.54745,0.826022,0.512995,0.826022,0.512995,0.753115,0.572134,0.77231,0.572134,0.77231,0.598992,0.77231,0.598992,0.829143,0.569674,0.750879,0.569674,0.738213,0.617556,0.738213,0.749267,0.316924,0.691463,0.281615,0.691463,0.210996,0.691463,0.210996,0.749267,0.175686,0.807072,0.210996,0.807072,0.210996,0.807072,0.281615,0.749267,0.316924,0.569674,0.712883,0.569674,0.712883,0.569674,0.700218,0.617556,0.700218,0.0808597,0.828216,0.0198608,0.716434,0.141859,0.716434],
                "type":"Float32Array"
            },
            "normal":{
                "itemSize":3,
                "array":[0.5,-4.45299e-08,-0.866025,0.5,-4.45299e-08,-0.866025,0.5,-4.45299e-08,-0.866025,1,5.30838e-15,1.03038e-07,1,5.30838e-15,1.03038e-07,1,5.30838e-15,1.03038e-07,0.5,4.45299e-08,0.866025,0.5,4.45299e-08,0.866025,0.5,4.45299e-08,0.866025,-0.5,4.45299e-08,0.866025,-0.5,4.45299e-08,0.866025,-0.5,4.45299e-08,0.866025,4.0864e-15,1,-6.86918e-08,4.0864e-15,1,-6.86918e-08,4.0864e-15,1,-6.86918e-08,-1,0,0,-1,0,0,-1,0,0,-0.5,-4.45299e-08,-0.866025,-0.5,-4.45299e-08,-0.866025,-0.5,-4.45299e-08,-0.866025,0,-1,0,0,-1,0,0,-1,0,0.5,-4.46166e-08,-0.866025,0.5,-4.46166e-08,-0.866025,0.5,-4.46166e-08,-0.866025,1,5.30838e-15,1.03038e-07,0.5,4.46166e-08,0.866025,0.5,4.46166e-08,0.866025,0.5,4.46166e-08,0.866025,-0.5,4.46166e-08,0.866025,-0.5,4.46166e-08,0.866025,-0.5,4.46166e-08,0.866025,-1.18978e-07,1,-1.22592e-14,-1.18978e-07,1,-1.22592e-14,-1.18978e-07,1,-1.22592e-14,1.18978e-07,1,0,1.18978e-07,1,0,1.18978e-07,1,0,0,1,0,0,1,0,0,1,0,-1,0,0,-0.5,-4.46166e-08,-0.866025,-0.5,-4.46166e-08,-0.866025,-0.5,-4.46166e-08,-0.866025,-0,-1,0,0,-1,0,0,-1,0],
                "type":"Float32Array"
            }
        }
    },
    "metadata":{
        "uv":50,
        "position":50,
        "normal":50,
        "version":3,
        "type":"BufferGeometry",
        "generator":"io_three"
    }
}